Date,Department,Country,Revenue,Cost,Budget_Revenue,Budget_Cost,Cost_Type
2023-01-01 00:00:00,Sales,Netherlands,,missing,8806.03,4893.35,Logistics
2023-01-01 00:00:00,Operations,germany ,10905.25,5156.25,16330.4,8139.22,Rent
2023-01-01 00:00:00,HR,germany ,N/A,,15810.49,5983.44,Rent
2023-01-01 00:00:00,Marketing,Spain,7767.05,,14470.33,5187.42,LOGISTICS
2023-01-02 00:00:00,Sales,germany ,10346.69,missing,11311.71,7675.2,Rent
2023-01-02 00:00:00,Operations,germany ,N/A,5218.7,17433.32,4585.21,Rent
2023-01-02 00:00:00,HR,Spain,N/A,missing,9767.03,8644.86,Rent
2023-01-02 00:00:00,Marketing,germany ,,missing,11210.65,7690.82,Utilities
2023-01-03 00:00:00,Sales,FRANCE,19927.14,6268.54,11573.65,8368.68,salary
2023-01-03 00:00:00,Operations,Netherlands,N/A,missing,15342.97,9557.44,LOGISTICS
2023-01-03 00:00:00,HR,germany ,N/A,missing,8351.57,7625.04,salary
2023-01-03 00:00:00,Marketing,Germany,,7935.86,14695.96,9607.59,Rent
2023-01-04 00:00:00,Sales,France,15751.41,4731.73,11641.41,5550.35,Rent
2023-01-04 00:00:00,Operations,France,,,17967.06,5497.49,Utilities
2023-01-04 00:00:00,HR,France,N/A,11699.84,15423.3,4808.62,Rent
2023-01-04 00:00:00,Marketing,Germany,N/A,missing,12030.08,6359.17,Logistics
2023-01-05 00:00:00,Sales,Spain,N/A,10592.38,11584.62,4821.26,Salary
2023-01-05 00:00:00,Operations,germany ,,,11383.85,9242.62,salary
2023-01-05 00:00:00,HR,Germany,10926.2,,12152.29,6564.42,Utilities
2023-01-05 00:00:00,Marketing,germany ,,missing,12040.94,5938.86,LOGISTICS
2023-01-06 00:00:00,Sales,Netherlands,9844.37,missing,12874.09,9508.38,Rent
2023-01-06 00:00:00,Operations,germany ,,9990.8,9614.94,9114.77,Salary
2023-01-06 00:00:00,HR,Germany,N/A,5709.0,15898.04,9417.86,LOGISTICS
2023-01-06 00:00:00,Marketing,Netherlands,N/A,missing,12977.06,7734.87,Salary
2023-01-07 00:00:00,Sales,FRANCE,N/A,3245.9,11284.26,5740.64,Logistics
2023-01-07 00:00:00,Operations,FRANCE,11802.51,,10575.59,9819.96,salary
2023-01-07 00:00:00,HR,FRANCE,18915.36,,14293.57,7936.2,Salary
2023-01-07 00:00:00,Marketing,germany ,17793.39,missing,17136.01,6028.71,Rent
2023-01-08 00:00:00,Sales,Netherlands,,,15152.66,5864.52,Utilities
2023-01-08 00:00:00,Operations,FRANCE,,,10283.68,5514.59,LOGISTICS
2023-01-08 00:00:00,HR,France,,,15860.35,5755.62,salary
2023-01-08 00:00:00,Marketing,France,,3544.22,9829.78,7945.53,Logistics
2023-01-09 00:00:00,Sales,germany ,N/A,missing,10386.73,7836.6,Materials
2023-01-09 00:00:00,operations,FRANCE,N/A,7278.79,16997.0,7892.57,LOGISTICS
2023-01-09 00:00:00,HR,FRANCE,15059.77,,12341.06,7625.1,salary
2023-01-09 00:00:00,Marketing,Germany,,2515.32,12726.19,5396.75,Utilities
2023-01-10 00:00:00,Sales,germany ,,,15291.46,7499.26,salary
2023-01-10 00:00:00,Operations,Spain,,7412.75,11823.26,8008.02,Rent
2023-01-10 00:00:00,HR,Netherlands,6964.13,3017.89,13038.39,5055.16,Salary
2023-01-10 00:00:00,Marketing,France,14763.12,missing,8874.23,7608.8,Rent
2023-01-11 00:00:00,Sales,Netherlands,11765.18,,8290.99,9187.62,Utilities
2023-01-11 00:00:00,Operations,germany ,8243.88,5650.7,11489.92,5001.92,Utilities
2023-01-11 00:00:00,HR,FRANCE,16037.67,,17750.29,5324.28,Logistics
2023-01-11 00:00:00,Marketing,germany ,N/A,11426.63,10211.31,5188.03,Rent
2023-01-12 00:00:00,Sales,FRANCE,13459.49,2763.08,8581.79,9377.43,Utilities
2023-01-12 00:00:00,Operations,Spain,N/A,missing,8797.6,9250.4,Rent
2023-01-12 00:00:00,HR,Netherlands,,missing,13793.19,7915.73,Rent
2023-01-12 00:00:00,Marketing,Spain,N/A,6348.87,8376.0,6898.96,LOGISTICS
2023-01-13 00:00:00,Sales,Germany,16504.68,missing,10630.04,9669.99,Utilities
2023-01-13 00:00:00,Operations,germany ,,,15295.16,7198.66,Rent
2023-01-13 00:00:00,HR,France,,10332.24,10881.25,6822.08,Salary
2023-01-13 00:00:00,marketing,FRANCE,N/A,,10135.57,5607.49,Materials
2023-01-14 00:00:00,Sales,Spain,,,13805.54,8262.96,salary
2023-01-14 00:00:00,operations,FRANCE,N/A,7843.88,11640.9,7510.31,Materials
2023-01-14 00:00:00,HR,Spain,N/A,,8419.71,8779.65,Logistics
2023-01-14 00:00:00,Marketing,Netherlands,7616.54,7405.75,11848.48,7444.89,Materials
2023-01-15 00:00:00,Sales,germany ,8806.12,missing,14607.74,4950.71,Salary
2023-01-15 00:00:00,Operations,France,N/A,,17317.17,4421.68,Materials
2023-01-15 00:00:00,HR,germany ,18088.41,,17456.13,8301.64,Logistics
2023-01-15 00:00:00,Marketing,Spain,13436.05,missing,9964.53,8491.38,Salary
2023-01-16 00:00:00,Sales,Spain,N/A,missing,16759.55,5561.94,salary
2023-01-16 00:00:00,Operations,germany ,N/A,8188.52,17962.77,6657.9,Utilities
2023-01-16 00:00:00,HR,Spain,16425.66,5812.12,15601.39,7601.24,Salary
2023-01-16 00:00:00,Marketing,Spain,,,8679.11,9211.48,Materials
2023-01-17 00:00:00,Sales,germany ,N/A,missing,12568.15,8911.65,Salary
2023-01-17 00:00:00,Operations,germany ,N/A,missing,17861.19,5657.19,Rent
2023-01-17 00:00:00,HR,Netherlands,18163.02,11430.3,9151.11,9921.07,Rent
2023-01-17 00:00:00,Marketing,Netherlands,17331.76,3806.63,15626.26,6301.11,salary
2023-01-18 00:00:00,Sales,germany ,17932.2,,15485.13,7911.47,Materials
2023-01-18 00:00:00,Operations,FRANCE,,,10640.88,6775.84,Materials
2023-01-18 00:00:00,HR,France,8052.1,9300.0,14245.24,6907.03,Logistics
2023-01-18 00:00:00,Marketing,France,17305.92,2475.97,13040.42,9256.18,Rent
2023-01-19 00:00:00,Sales,France,14811.42,3609.09,16753.5,9013.85,Materials
2023-01-19 00:00:00,Operations,France,,,14981.59,8494.76,Salary
2023-01-19 00:00:00,HR,Germany,9022.47,,15556.87,5329.63,Utilities
2023-01-19 00:00:00,Marketing,Netherlands,15259.94,,15544.78,5194.68,Rent
2023-01-20 00:00:00,Sales,Netherlands,12024.77,6876.63,17443.6,4567.68,Rent
2023-01-20 00:00:00,Operations,Germany,18360.98,9178.1,16743.45,4495.94,Salary
2023-01-20 00:00:00,HR,FRANCE,,,11301.02,6048.67,salary
2023-01-20 00:00:00,Marketing,Germany,,,15067.02,6237.36,Materials
2023-01-21 00:00:00,Sales,France,N/A,10676.61,10697.24,5708.65,LOGISTICS
2023-01-21 00:00:00,Operations,germany ,,,15121.97,5540.42,Logistics
2023-01-21 00:00:00,HR,France,N/A,missing,8223.3,8390.56,Logistics
2023-01-21 00:00:00,Marketing,germany ,N/A,7578.07,17986.63,7352.78,Materials
2023-01-22 00:00:00,Sales,germany ,,missing,12834.03,5362.28,salary
2023-01-22 00:00:00,Operations,germany ,N/A,3305.78,10198.38,7088.91,salary
2023-01-22 00:00:00,HR,Germany,N/A,,12179.33,7139.78,Logistics
2023-01-22 00:00:00,marketing,Spain,N/A,missing,17602.63,9504.55,Logistics
2023-01-23 00:00:00,Sales,FRANCE,N/A,,9442.83,4076.65,Logistics
2023-01-23 00:00:00,Operations,germany ,9870.34,missing,10955.7,6635.12,salary
2023-01-23 00:00:00,HR,France,,4725.27,16504.34,8038.33,Logistics
2023-01-23 00:00:00,Marketing,Spain,,missing,17251.84,7255.12,LOGISTICS
2023-01-24 00:00:00,Sales,FRANCE,N/A,,10992.82,7713.22,LOGISTICS
2023-01-24 00:00:00,Operations,germany ,N/A,3239.77,15276.48,9879.56,Utilities
01-13-2023,HR,Netherlands,10294.81,,14216.39,5093.53,LOGISTICS
2023-01-24 00:00:00,Marketing,Spain,11647.6,,16829.27,8353.96,LOGISTICS
2023-01-25 00:00:00,Sales,France,N/A,7887.28,8079.32,4636.74,Salary
2023-01-25 00:00:00,Operations,Netherlands,9144.08,,10132.44,6075.79,Rent
2023-01-25 00:00:00,HR,France,16484.41,missing,12168.14,4697.51,LOGISTICS
2023-01-25 00:00:00,Marketing,France,12267.09,,13632.85,8663.8,Rent
2023-01-26 00:00:00,Sales,germany ,19174.09,,13885.92,4964.79,Materials
2023-01-26 00:00:00,Operations,Netherlands,8324.42,missing,13773.47,9123.08,Salary
2023-01-26 00:00:00,HR,Germany,,missing,15919.6,9753.81,salary
2023-01-26 00:00:00,Marketing,Germany,N/A,missing,17710.17,5438.07,Logistics
2023-01-27 00:00:00,Sales,germany ,,,14598.25,8906.21,salary
2023-01-27 00:00:00,Operations,FRANCE,N/A,,13756.79,6043.54,Logistics
2023-01-27 00:00:00,HR,France,,missing,14034.07,5865.95,Rent
2023-01-27 00:00:00,Marketing,Spain,N/A,missing,12313.79,7331.29,Rent
2023-01-28 00:00:00,Sales,germany ,9882.32,,17389.84,5936.82,Salary
2023-01-28 00:00:00,Operations,France,14623.26,missing,16166.04,4398.15,LOGISTICS
2023-01-28 00:00:00,HR,FRANCE,6799.02,,14820.9,8355.36,Rent
2023-01-28 00:00:00,Marketing,Spain,8501.63,missing,13604.48,6656.06,Materials
2023-01-29 00:00:00,Sales,FRANCE,,missing,16152.79,4974.69,LOGISTICS
2023-01-29 00:00:00,Operations,France,N/A,missing,8453.17,4371.03,Utilities
2023-01-29 00:00:00,HR,Germany,,,16984.86,9782.02,Rent
2023-01-29 00:00:00,Marketing,Germany,N/A,,17039.89,9891.14,Logistics
2023-01-30 00:00:00,Sales,Spain,N/A,,9068.5,5496.71,Materials
2023-01-30 00:00:00,Operations,germany ,N/A,,11367.43,5059.73,Materials
2023-01-30 00:00:00,HR,Spain,13152.95,missing,13714.05,6281.66,Salary
2023-01-30 00:00:00,Marketing,FRANCE,N/A,missing,14968.72,6679.12,LOGISTICS
2023-01-31 00:00:00,Sales,Netherlands,,,13535.53,6383.66,salary
2023-01-31 00:00:00,Operations,Spain,8190.77,,13964.91,4968.54,Salary
2023-01-31 00:00:00,HR,Spain,N/A,,13890.32,7624.8,Rent
2023-01-31 00:00:00,Marketing,Germany,14464.89,missing,11382.17,6405.2,Logistics
2023-02-01 00:00:00,Sales,Netherlands,14441.93,,14331.24,4814.13,Rent
2023-02-01 00:00:00,operations,Germany,19804.7,,9873.77,8878.36,LOGISTICS
2023-02-01 00:00:00,HR,Netherlands,16390.25,9187.71,15400.45,8875.83,Materials
01-13-2023,Marketing,Netherlands,18832.11,5329.09,15736.19,8847.61,salary
2023-02-02 00:00:00,Sales,Netherlands,N/A,,15357.62,6994.76,Rent
2023-02-02 00:00:00,Operations,France,N/A,,14632.27,4908.37,Rent
2023-02-02 00:00:00,HR,germany ,12265.79,,14096.58,6588.63,Utilities
01-13-2023,Marketing,Spain,19578.2,missing,10338.41,6371.47,Salary
2023-02-03 00:00:00,Sales,Spain,N/A,missing,8426.68,8908.41,salary
2023-02-03 00:00:00,Operations,Germany,14749.79,,8557.42,4814.9,Utilities
2023-02-03 00:00:00,hr,Netherlands,,,10315.31,8871.47,Utilities
2023-02-03 00:00:00,Marketing,Germany,N/A,11852.7,11288.06,9601.5,salary
2023-02-04 00:00:00,Sales,Germany,6251.28,missing,12452.3,5470.36,Logistics
2023-02-04 00:00:00,Operations,FRANCE,N/A,,16505.76,7284.11,LOGISTICS
2023-02-04 00:00:00,HR,Germany,,7083.81,9795.1,7457.98,Materials
2023-02-04 00:00:00,Marketing,germany ,N/A,10633.56,9613.35,6266.27,Materials
2023-02-05 00:00:00,Sales,Netherlands,N/A,10243.64,9830.09,6238.06,Salary
2023-02-05 00:00:00,Operations,France,,,16721.11,8820.66,Utilities
2023-02-05 00:00:00,HR,France,5057.21,3176.37,16612.63,5447.63,LOGISTICS
2023-02-05 00:00:00,Marketing,Germany,N/A,11860.09,16881.35,9902.18,Utilities
2023-02-06 00:00:00,Sales,Spain,6091.44,missing,16634.33,7422.76,Materials
2023-02-06 00:00:00,Operations,Netherlands,,3890.13,16318.58,8247.02,salary
2023-02-06 00:00:00,HR,FRANCE,N/A,10166.74,8939.39,7177.45,Salary
2023-02-06 00:00:00,Marketing,Spain,,missing,9187.12,6115.32,Logistics
2023-02-07 00:00:00,Sales,France,,missing,11896.13,9680.13,Rent
2023-02-07 00:00:00,Operations,Spain,12524.82,,16127.85,5738.38,LOGISTICS
2023-02-07 00:00:00,HR,Netherlands,N/A,,16238.14,6178.83,Logistics
2023-02-07 00:00:00,Marketing,Netherlands,15548.56,,13328.07,4845.03,Rent
2023-02-08 00:00:00,Sales,germany ,6313.85,missing,9360.17,4927.1,Logistics
2023-02-08 00:00:00,Operations,Germany,,,17261.0,4419.45,Rent
2023-02-08 00:00:00,HR,Netherlands,,missing,13803.86,8518.33,Logistics
2023-02-08 00:00:00,Marketing,FRANCE,N/A,missing,12882.9,5226.84,Logistics
2023-02-09 00:00:00,sales,FRANCE,,7196.22,16984.21,6204.27,Logistics
2023-02-09 00:00:00,Operations,Germany,N/A,,11553.49,4680.19,salary
2023-02-09 00:00:00,HR,FRANCE,,missing,16173.59,4999.93,salary
2023-02-09 00:00:00,Marketing,Spain,8918.0,,12881.68,9334.75,Rent
2023-02-10 00:00:00,Sales,France,N/A,,13472.58,4538.0,Rent
2023-02-10 00:00:00,Operations,FRANCE,,missing,15609.97,7864.26,Logistics
2023-02-10 00:00:00,HR,France,,7896.59,9625.16,6169.18,Rent
2023-02-10 00:00:00,Marketing,Germany,,,17204.14,8766.1,Utilities
2023-02-11 00:00:00,Sales,Netherlands,N/A,missing,8937.62,5828.24,Materials
2023-02-11 00:00:00,Operations,Netherlands,,7977.59,8525.55,5994.32,salary
2023-02-11 00:00:00,HR,Germany,14357.97,6815.89,14469.41,4555.37,Materials
2023-02-11 00:00:00,Marketing,France,N/A,2333.08,15711.07,5090.54,Utilities
01-13-2023,Sales,France,13429.16,,13737.9,7749.76,salary
2023-02-12 00:00:00,Operations,Germany,,,17859.07,7816.54,Materials
2023-02-12 00:00:00,HR,France,10059.15,,14761.34,5718.72,Utilities
2023-02-12 00:00:00,Marketing,Germany,,5877.12,11431.52,5540.22,LOGISTICS
2023-02-13 00:00:00,Sales,Germany,N/A,,13578.58,7029.06,Rent
2023-02-13 00:00:00,Operations,Spain,N/A,4042.88,12216.67,5021.47,Materials
2023-02-13 00:00:00,HR,Germany,N/A,,11280.26,9500.02,Rent
2023-02-13 00:00:00,Marketing,Netherlands,,4221.87,10348.28,5776.3,Materials
2023-02-14 00:00:00,Sales,Spain,N/A,missing,15966.33,9331.83,Logistics
2023-02-14 00:00:00,Operations,Netherlands,,missing,11002.77,9441.16,Salary
2023-02-14 00:00:00,HR,Germany,11907.19,8432.06,11644.2,5865.72,Logistics
2023-02-14 00:00:00,Marketing,germany ,7981.6,missing,8746.48,7897.27,Logistics
2023-02-15 00:00:00,Sales,FRANCE,10104.71,missing,11691.51,6619.32,Utilities
2023-02-15 00:00:00,Operations,Spain,13392.11,missing,17442.58,7616.28,salary
2023-02-15 00:00:00,HR,Germany,N/A,6133.67,16738.09,7847.28,Rent
2023-02-15 00:00:00,Marketing,Spain,18074.99,10176.34,8715.35,7191.56,Materials
2023-02-16 00:00:00,Sales,Spain,,5827.44,8098.37,8852.49,Rent
2023-02-16 00:00:00,Operations,FRANCE,14199.41,,11407.94,5609.47,Utilities
2023-02-16 00:00:00,HR,FRANCE,11705.27,,11177.76,4142.01,Rent
2023-02-16 00:00:00,Marketing,Spain,11757.92,missing,9424.37,5198.2,LOGISTICS
2023-02-17 00:00:00,Sales,Germany,N/A,,14348.49,5462.16,salary
2023-02-17 00:00:00,Operations,FRANCE,13497.47,missing,8782.43,4410.56,Materials
2023-02-17 00:00:00,HR,France,16944.98,,17063.8,8714.85,Logistics
2023-02-17 00:00:00,Marketing,Germany,N/A,missing,10787.04,5162.03,Logistics
2023-02-18 00:00:00,Sales,France,13244.0,,17819.08,5440.14,salary
2023-02-18 00:00:00,Operations,Spain,16466.71,,9900.86,5877.63,salary
2023-02-18 00:00:00,HR,germany ,N/A,10633.29,13138.97,4121.24,Logistics
2023-02-18 00:00:00,Marketing,Netherlands,N/A,missing,14061.47,5535.07,Utilities
2023-02-19 00:00:00,Sales,France,,missing,15869.54,8370.12,Logistics
2023-02-19 00:00:00,Operations,Spain,12160.28,9820.28,10530.95,7192.65,Rent
01-13-2023,HR,Netherlands,12777.64,,9324.01,9126.34,Salary
2023-02-19 00:00:00,Marketing,Germany,5100.29,,8015.99,6102.03,Materials
2023-02-20 00:00:00,Sales,FRANCE,N/A,9306.19,17767.09,5225.24,Logistics
2023-02-20 00:00:00,Operations,Germany,,missing,17977.88,6296.11,Logistics
2023-02-20 00:00:00,HR,germany ,N/A,missing,13412.59,4400.27,Utilities
2023-02-20 00:00:00,Marketing,FRANCE,13380.8,,14747.57,4190.16,Salary
2023-02-21 00:00:00,Sales,Spain,,2175.89,9997.96,4947.99,Salary
2023-02-21 00:00:00,Operations,Germany,N/A,,10235.4,5780.8,salary
2023-02-21 00:00:00,HR,FRANCE,16301.14,,11220.73,9705.62,LOGISTICS
2023-02-21 00:00:00,Marketing,Germany,N/A,missing,17287.48,5140.41,Materials
2023-02-22 00:00:00,Sales,Germany,,7850.72,16728.07,4114.17,Salary
2023-02-22 00:00:00,Operations,Germany,19426.81,,16934.23,4277.5,Materials
2023-02-22 00:00:00,HR,FRANCE,N/A,5434.61,9494.86,5722.65,Salary
2023-02-22 00:00:00,Marketing,France,N/A,,14335.81,9672.97,LOGISTICS
2023-02-23 00:00:00,Sales,FRANCE,,,14965.2,9589.0,Materials
2023-02-23 00:00:00,Operations,Spain,N/A,missing,14126.85,4198.44,salary
2023-02-23 00:00:00,HR,Germany,N/A,missing,11096.28,8670.92,Materials
2023-02-23 00:00:00,Marketing,Germany,N/A,missing,15886.83,7152.17,LOGISTICS
2023-02-24 00:00:00,Sales,germany ,N/A,,11218.02,7046.65,Materials
2023-02-24 00:00:00,Operations,Netherlands,N/A,9699.74,8896.91,8524.63,Utilities
2023-02-24 00:00:00,HR,Spain,N/A,6065.87,15198.86,5202.2,Salary
2023-02-24 00:00:00,Marketing,Spain,,11972.5,13651.81,9271.59,Materials
2023-02-25 00:00:00,Sales,Spain,,,13929.81,9279.56,Rent
2023-02-25 00:00:00,Operations,germany ,,,14848.51,7335.96,Salary
2023-02-25 00:00:00,HR,FRANCE,5311.43,,12359.58,4403.92,salary
2023-02-25 00:00:00,Marketing,France,14722.37,,16541.19,5888.72,Materials
2023-02-26 00:00:00,Sales,France,10966.04,10720.88,12418.19,6882.12,Materials
2023-02-26 00:00:00,Operations,germany ,N/A,,11549.89,9619.38,Utilities
2023-02-26 00:00:00,HR,Germany,N/A,missing,9757.32,5458.6,LOGISTICS
2023-02-26 00:00:00,Marketing,Spain,,8609.54,14468.08,5192.25,Utilities
2023-02-27 00:00:00,Sales,Spain,,3730.08,17942.05,6348.08,Utilities
2023-02-27 00:00:00,Operations,germany ,,9145.26,11253.07,9942.57,Salary
2023-02-27 00:00:00,HR,FRANCE,19062.67,5906.92,12314.64,5331.37,Salary
2023-02-27 00:00:00,Marketing,germany ,11547.12,,12905.26,6306.78,Materials
2023-02-28 00:00:00,Sales,germany ,15588.29,,13422.42,4039.27,salary
2023-02-28 00:00:00,Operations,Germany,,10076.93,17772.66,4644.63,Materials
2023-02-28 00:00:00,HR,France,9063.62,,11186.23,6104.62,LOGISTICS
2023-02-28 00:00:00,Marketing,France,N/A,,13890.3,7461.93,Logistics
2023-03-01 00:00:00,Sales,FRANCE,N/A,,15021.77,8908.59,Salary
2023-03-01 00:00:00,Operations,France,,11895.26,10733.59,6795.16,LOGISTICS
2023-03-01 00:00:00,HR,Spain,16326.75,6899.71,14319.92,5971.68,Utilities
2023-03-01 00:00:00,Marketing,France,,,8645.02,4032.18,Rent
2023-03-02 00:00:00,Sales,germany ,7028.52,8314.42,16133.98,5258.98,Materials
2023-03-02 00:00:00,Operations,germany ,N/A,,14105.39,7623.71,Materials
2023-03-02 00:00:00,HR,FRANCE,13042.19,missing,13959.34,4663.59,Rent
2023-03-02 00:00:00,Marketing,Germany,,missing,11402.42,7841.34,Utilities
2023-03-03 00:00:00,Sales,France,,,10057.31,8909.15,Materials
2023-03-03 00:00:00,Operations,France,N/A,missing,15803.14,5628.39,Utilities
2023-03-03 00:00:00,HR,Netherlands,N/A,5467.27,16975.17,7421.01,LOGISTICS
2023-03-03 00:00:00,Marketing,germany ,N/A,7601.06,10461.39,9145.68,Logistics
2023-03-04 00:00:00,Sales,France,,missing,16015.4,9673.18,LOGISTICS
2023-03-04 00:00:00,Operations,Germany,N/A,missing,13472.25,7704.44,Materials
2023-03-04 00:00:00,HR,France,N/A,missing,16768.12,4619.05,Materials
2023-03-04 00:00:00,Marketing,germany ,,11066.37,16137.08,7930.97,salary
2023-03-05 00:00:00,Sales,Netherlands,,missing,10120.34,8010.67,salary
2023-03-05 00:00:00,Operations,Germany,N/A,,14079.81,9987.13,Utilities
2023-03-05 00:00:00,HR,FRANCE,18606.11,,14755.78,8533.93,salary
2023-03-05 00:00:00,Marketing,Netherlands,N/A,9178.29,16855.73,4210.64,Salary
2023-03-06 00:00:00,Sales,Netherlands,N/A,missing,15651.57,5295.26,LOGISTICS
2023-03-06 00:00:00,Operations,Spain,14529.98,missing,10013.09,4305.27,LOGISTICS
2023-03-06 00:00:00,HR,France,,5746.41,16589.61,7367.63,Utilities
2023-03-06 00:00:00,Marketing,FRANCE,N/A,,17462.68,4689.27,Rent
2023-03-07 00:00:00,Sales,Germany,5198.16,missing,16902.07,4716.34,Utilities
2023-03-07 00:00:00,Operations,FRANCE,9656.8,,12209.64,5998.69,Utilities
01-13-2023,HR,Netherlands,19722.07,11919.0,8849.86,6305.17,Salary
2023-03-07 00:00:00,Marketing,FRANCE,,5737.65,11554.97,9278.68,Materials
2023-03-08 00:00:00,Sales,Netherlands,N/A,missing,10504.67,8525.25,Salary
2023-03-08 00:00:00,Operations,France,,missing,13754.81,4750.34,Materials
2023-03-08 00:00:00,hr,Spain,13015.67,missing,17553.84,7958.91,Rent
2023-03-08 00:00:00,Marketing,germany ,14452.33,missing,13790.73,9385.12,LOGISTICS
2023-03-09 00:00:00,Sales,Spain,,6516.96,17246.74,5969.22,Salary
2023-03-09 00:00:00,Operations,Spain,N/A,,14335.48,9190.95,salary
2023-03-09 00:00:00,HR,FRANCE,N/A,missing,17867.96,7471.93,LOGISTICS
2023-03-09 00:00:00,Marketing,Spain,18250.15,7245.33,15758.04,5004.73,Logistics
2023-03-10 00:00:00,sales,Netherlands,13276.32,missing,12773.35,6805.08,salary
2023-03-10 00:00:00,Operations,Spain,,missing,9538.25,8744.96,Salary
2023-03-10 00:00:00,HR,Netherlands,N/A,7042.31,15333.52,4154.68,LOGISTICS
2023-03-10 00:00:00,Marketing,FRANCE,,missing,13769.77,9685.99,Rent
2023-03-11 00:00:00,Sales,France,14570.95,missing,11171.24,7900.07,LOGISTICS
2023-03-11 00:00:00,Operations,Netherlands,,missing,16652.48,5745.78,Utilities
2023-03-11 00:00:00,HR,France,19426.38,4934.72,9669.71,5979.47,Utilities
2023-03-11 00:00:00,Marketing,Germany,,,9071.76,9009.15,Rent
2023-03-12 00:00:00,Sales,Spain,N/A,,11594.03,5372.51,Materials
2023-03-12 00:00:00,operations,France,N/A,missing,14578.47,9126.62,Logistics
2023-03-12 00:00:00,HR,France,,,11261.94,9881.31,Logistics
2023-03-12 00:00:00,Marketing,Spain,,missing,17004.86,9673.09,Utilities
2023-03-13 00:00:00,Sales,Germany,N/A,,10682.64,9983.77,Materials
2023-03-13 00:00:00,Operations,Germany,,missing,16100.43,6258.06,LOGISTICS
2023-03-13 00:00:00,HR,germany ,19329.3,missing,12812.19,4308.6,Rent
2023-03-13 00:00:00,Marketing,Spain,,9764.34,14819.61,9214.32,Rent
2023-03-14 00:00:00,sales,germany ,19614.16,2885.37,10132.52,9703.73,Rent
2023-03-14 00:00:00,Operations,FRANCE,,3814.06,11582.03,9010.87,Utilities
2023-03-14 00:00:00,HR,FRANCE,,4127.54,12430.43,8644.33,Salary
2023-03-14 00:00:00,Marketing,germany ,,missing,12574.93,7633.73,Rent
2023-03-15 00:00:00,Sales,France,12657.52,2673.13,11287.18,6570.87,LOGISTICS
2023-03-15 00:00:00,Operations,Germany,19919.21,missing,8880.04,4299.07,Salary
2023-03-15 00:00:00,HR,Germany,N/A,7845.45,16710.12,4596.91,Rent
2023-03-15 00:00:00,Marketing,Spain,12162.74,,16042.71,9041.76,Logistics
2023-03-16 00:00:00,sales,Germany,,missing,17360.39,6744.42,Salary
2023-03-16 00:00:00,Operations,Germany,N/A,5255.79,17971.01,5581.77,Materials
2023-03-16 00:00:00,HR,Germany,,4363.82,15561.71,5641.27,Salary
2023-03-16 00:00:00,marketing,France,N/A,missing,11492.12,8899.95,Materials
2023-03-17 00:00:00,Sales,FRANCE,N/A,4491.81,11090.95,5626.06,Rent
2023-03-17 00:00:00,Operations,Spain,8735.26,,15402.01,4211.06,Salary
2023-03-17 00:00:00,HR,Germany,N/A,missing,8584.43,8411.08,Materials
01-13-2023,Marketing,Germany,N/A,4383.61,15589.45,4787.43,LOGISTICS
2023-03-18 00:00:00,Sales,FRANCE,N/A,,10299.45,9793.35,Rent
2023-03-18 00:00:00,Operations,germany ,N/A,missing,14666.98,7703.07,Salary
2023-03-18 00:00:00,HR,Netherlands,,missing,10292.68,7465.93,LOGISTICS
2023-03-18 00:00:00,Marketing,Netherlands,,9520.91,10305.04,9466.9,salary
2023-03-19 00:00:00,Sales,France,14702.47,6954.77,13261.54,7677.99,LOGISTICS
2023-03-19 00:00:00,Operations,Netherlands,,,14245.25,4068.57,LOGISTICS
2023-03-19 00:00:00,HR,France,N/A,,15664.69,5959.03,Rent
2023-03-19 00:00:00,Marketing,Spain,N/A,missing,11533.81,6479.79,LOGISTICS
2023-03-20 00:00:00,Sales,germany ,N/A,2129.48,15803.92,5680.71,LOGISTICS
2023-03-20 00:00:00,Operations,Spain,N/A,missing,9545.33,9168.9,Utilities
2023-03-20 00:00:00,hr,Spain,N/A,7649.37,8933.12,7923.82,Rent
2023-03-20 00:00:00,Marketing,FRANCE,N/A,,12645.61,8549.88,Materials
2023-03-21 00:00:00,Sales,germany ,N/A,4355.45,12186.66,9029.16,Rent
2023-03-21 00:00:00,Operations,FRANCE,,missing,13923.75,7688.64,salary
2023-03-21 00:00:00,HR,France,N/A,missing,16729.27,5000.4,Utilities
2023-03-21 00:00:00,Marketing,FRANCE,8949.12,3619.78,14794.0,8681.92,Logistics
2023-03-22 00:00:00,Sales,germany ,N/A,missing,10485.0,4239.92,LOGISTICS
2023-03-22 00:00:00,operations,Netherlands,14988.59,10397.08,9992.08,8577.24,Rent
2023-03-22 00:00:00,HR,Netherlands,5478.47,,9968.98,7999.5,Materials
2023-03-22 00:00:00,marketing,Netherlands,18731.64,8214.71,8332.11,4319.9,Materials
2023-03-23 00:00:00,Sales,Germany,,11497.15,10023.21,8524.9,Rent
2023-03-23 00:00:00,Operations,Germany,12591.83,5001.74,10236.72,4021.4,LOGISTICS
2023-03-23 00:00:00,HR,France,8984.8,,17700.37,6269.0,Utilities
2023-03-23 00:00:00,Marketing,germany ,,,14722.17,4552.51,Utilities
2023-03-24 00:00:00,Sales,FRANCE,N/A,,13226.6,7883.69,Rent
2023-03-24 00:00:00,operations,FRANCE,9397.94,,8048.42,5810.95,Rent
2023-03-24 00:00:00,HR,germany ,17631.26,,16552.0,5836.88,Materials
2023-03-24 00:00:00,Marketing,FRANCE,N/A,,16725.13,6124.64,LOGISTICS
2023-03-25 00:00:00,Sales,germany ,11437.29,,9997.26,4904.01,salary
2023-03-25 00:00:00,Operations,Spain,N/A,6436.85,10448.64,6706.61,Salary
2023-03-25 00:00:00,HR,France,N/A,,15653.96,6222.64,Rent
2023-03-25 00:00:00,Marketing,FRANCE,16220.7,6738.89,17741.91,9508.85,Logistics
2023-03-26 00:00:00,Sales,Germany,,missing,10682.13,7264.77,Utilities
2023-03-26 00:00:00,Operations,FRANCE,,missing,12885.04,5827.2,Materials
2023-03-26 00:00:00,HR,Spain,,5102.9,16967.47,5856.22,Rent
2023-03-26 00:00:00,Marketing,FRANCE,15289.72,,12153.34,4968.01,Materials
2023-03-27 00:00:00,Sales,FRANCE,,11118.54,16783.73,7835.37,Rent
2023-03-27 00:00:00,Operations,France,N/A,9861.35,11557.3,8763.85,salary
2023-03-27 00:00:00,HR,Netherlands,N/A,missing,15115.79,4055.57,Utilities
2023-03-27 00:00:00,Marketing,Netherlands,N/A,,15323.87,6389.03,Salary
2023-03-28 00:00:00,Sales,Spain,N/A,missing,17505.1,6261.05,Materials
2023-03-28 00:00:00,Operations,Spain,N/A,,11645.11,6674.31,salary
2023-03-28 00:00:00,HR,Netherlands,,,15028.9,9472.88,salary
2023-03-28 00:00:00,Marketing,Netherlands,10415.68,10789.35,10443.86,5102.66,Logistics
2023-03-29 00:00:00,Sales,Spain,N/A,,14163.68,8863.9,Rent
2023-03-29 00:00:00,Operations,France,N/A,8462.19,12309.43,7746.32,LOGISTICS
2023-03-29 00:00:00,hr,FRANCE,15264.84,4096.82,13694.78,5690.54,Salary
2023-03-29 00:00:00,Marketing,Spain,,missing,8609.47,7839.43,Logistics
2023-03-30 00:00:00,Sales,Netherlands,N/A,missing,14773.97,5891.99,Salary
2023-03-30 00:00:00,Operations,Spain,18305.43,,9047.92,6237.64,LOGISTICS
2023-03-30 00:00:00,HR,FRANCE,,9585.14,17735.26,4399.39,Materials
2023-03-30 00:00:00,Marketing,Spain,9811.53,11185.02,16525.14,4086.34,Logistics
2023-03-31 00:00:00,Sales,Netherlands,,9452.33,8236.43,7836.1,Salary
2023-03-31 00:00:00,Operations,FRANCE,N/A,7147.5,11964.14,6545.71,salary
2023-03-31 00:00:00,HR,Spain,8305.28,missing,13031.19,7378.35,Salary
2023-03-31 00:00:00,Marketing,France,N/A,,10660.73,9415.95,salary
2023-04-01 00:00:00,Sales,germany ,5566.76,9922.04,16200.0,7272.42,Salary
2023-04-01 00:00:00,Operations,germany ,N/A,4895.12,12401.12,4514.34,Logistics
2023-04-01 00:00:00,HR,Spain,,6467.86,11169.39,7788.31,Rent
2023-04-01 00:00:00,Marketing,germany ,,,14013.72,6332.58,Utilities
2023-04-02 00:00:00,Sales,France,,missing,17658.42,4163.57,LOGISTICS
2023-04-02 00:00:00,Operations,France,,,11260.36,4768.7,Utilities
2023-04-02 00:00:00,HR,germany ,10620.34,,9614.37,5524.58,Materials
2023-04-02 00:00:00,Marketing,France,,,8823.39,8278.83,Materials
2023-04-03 00:00:00,Sales,Spain,N/A,,13007.42,5483.22,Logistics
2023-04-03 00:00:00,Operations,Spain,,missing,12987.95,8933.18,LOGISTICS
2023-04-03 00:00:00,HR,Netherlands,N/A,missing,8612.79,7963.53,Logistics
2023-04-03 00:00:00,Marketing,germany ,N/A,,14289.84,8943.36,Salary
2023-04-04 00:00:00,Sales,FRANCE,,,10409.97,8178.97,salary
2023-04-04 00:00:00,operations,Spain,,,11967.81,8107.22,Utilities
2023-04-04 00:00:00,HR,FRANCE,N/A,8859.9,13815.39,5115.34,Utilities
2023-04-04 00:00:00,Marketing,Germany,,2111.57,15885.22,8230.4,salary
2023-04-05 00:00:00,Sales,Germany,,missing,14370.34,7608.6,Utilities
2023-04-05 00:00:00,Operations,Netherlands,15398.62,missing,14257.28,5527.21,Salary
2023-04-05 00:00:00,HR,germany ,N/A,10605.35,14948.74,6769.3,Rent
2023-04-05 00:00:00,Marketing,FRANCE,N/A,missing,11227.55,5439.19,Salary
2023-04-06 00:00:00,Sales,FRANCE,,3208.91,8043.19,9271.05,salary
2023-04-06 00:00:00,Operations,Netherlands,8789.21,,12884.15,4870.24,Rent
2023-04-06 00:00:00,HR,FRANCE,,3967.24,8253.76,8457.97,salary
2023-04-06 00:00:00,Marketing,Netherlands,12099.74,9012.87,11215.13,5320.76,salary
2023-04-07 00:00:00,Sales,Spain,,missing,16668.26,9000.57,Materials
2023-04-07 00:00:00,Operations,Spain,,,10916.52,7201.86,salary
2023-04-07 00:00:00,HR,France,N/A,2203.83,12612.7,9467.81,salary
2023-04-07 00:00:00,Marketing,germany ,,,10323.96,9331.29,Logistics
2023-04-08 00:00:00,Sales,FRANCE,N/A,missing,11204.9,9361.74,Materials
2023-04-08 00:00:00,Operations,FRANCE,N/A,,10361.91,4666.36,Utilities
2023-04-08 00:00:00,HR,France,,missing,8694.39,9519.04,Logistics
2023-04-08 00:00:00,Marketing,germany ,,missing,17317.91,6709.35,Logistics
2023-04-09 00:00:00,Sales,FRANCE,,,13475.1,6310.68,salary
2023-04-09 00:00:00,Operations,FRANCE,,7153.78,15450.32,5460.14,Salary
2023-04-09 00:00:00,HR,Spain,,missing,17419.97,9817.24,salary
2023-04-09 00:00:00,Marketing,Netherlands,N/A,,16280.8,4811.71,Logistics
2023-04-10 00:00:00,Sales,FRANCE,13613.76,3249.28,15326.36,9659.05,Salary
2023-04-10 00:00:00,Operations,Spain,N/A,,13073.27,7701.14,Salary
2023-04-10 00:00:00,HR,germany ,17126.89,missing,14372.56,8824.36,LOGISTICS
2023-04-10 00:00:00,Marketing,Spain,,3516.77,9133.27,8440.08,Logistics
2023-04-11 00:00:00,Sales,Germany,5452.61,,8461.69,9786.24,salary
2023-04-11 00:00:00,Operations,germany ,9825.36,missing,8652.96,7576.99,Materials
2023-04-11 00:00:00,HR,Netherlands,9725.45,,17181.15,8757.78,LOGISTICS
2023-04-11 00:00:00,Marketing,germany ,14702.01,missing,13631.85,8498.18,LOGISTICS
2023-04-12 00:00:00,sales,FRANCE,N/A,missing,15818.81,6692.73,Salary
2023-04-12 00:00:00,Operations,germany ,,10475.99,16831.97,5231.92,Utilities
2023-04-12 00:00:00,HR,germany ,,missing,11354.95,9745.64,Salary
2023-04-12 00:00:00,Marketing,Spain,N/A,missing,16429.97,6099.76,Rent
2023-04-13 00:00:00,Sales,germany ,N/A,8800.94,16162.44,8945.68,Salary
2023-04-13 00:00:00,Operations,germany ,,11218.0,17487.13,8399.11,Logistics
2023-04-13 00:00:00,HR,Germany,,,17009.82,4281.5,salary
2023-04-13 00:00:00,Marketing,Spain,,missing,9123.18,4524.73,salary
2023-04-14 00:00:00,Sales,Spain,,9573.23,10258.41,8568.86,Logistics
2023-04-14 00:00:00,Operations,Germany,N/A,,14505.14,8302.95,salary
2023-04-14 00:00:00,HR,germany ,N/A,missing,17820.79,8729.27,Utilities
2023-04-14 00:00:00,Marketing,Netherlands,,,14401.73,9393.19,LOGISTICS
2023-04-15 00:00:00,Sales,FRANCE,N/A,,17032.9,8340.34,LOGISTICS
2023-04-15 00:00:00,Operations,FRANCE,,missing,11470.48,9823.5,Logistics
2023-04-15 00:00:00,HR,germany ,6468.6,,14135.02,4681.47,salary
2023-04-15 00:00:00,Marketing,France,N/A,,12459.99,7569.22,salary
2023-04-16 00:00:00,Sales,Netherlands,16433.37,,11942.45,5463.84,Logistics
2023-04-16 00:00:00,Operations,FRANCE,15076.47,,8928.06,6563.05,Materials
2023-04-16 00:00:00,HR,FRANCE,N/A,missing,13752.28,5155.93,LOGISTICS
2023-04-16 00:00:00,Marketing,FRANCE,15997.57,11389.88,10907.03,5389.31,salary
2023-04-17 00:00:00,Sales,germany ,N/A,,15886.4,6615.84,Logistics
2023-04-17 00:00:00,Operations,Germany,N/A,,14237.25,9327.56,LOGISTICS
01-13-2023,HR,FRANCE,15379.15,,12066.38,4024.53,Rent
2023-04-17 00:00:00,Marketing,France,,,17545.56,5142.0,salary
2023-04-18 00:00:00,Sales,France,17882.06,missing,17186.82,6574.79,Materials
2023-04-18 00:00:00,Operations,Netherlands,,missing,12151.89,7340.04,Rent
2023-04-18 00:00:00,HR,Spain,,,13368.75,8063.3,salary
2023-04-18 00:00:00,Marketing,FRANCE,N/A,5452.04,17424.77,4696.75,Materials
2023-04-19 00:00:00,Sales,France,,,10848.94,5950.24,Salary
2023-04-19 00:00:00,Operations,germany ,9779.01,7642.7,17755.05,4971.28,Salary
2023-04-19 00:00:00,hr,Germany,,missing,9720.69,5944.78,salary
2023-04-19 00:00:00,Marketing,France,13140.96,2203.56,11228.95,8105.85,Salary
2023-04-20 00:00:00,Sales,Germany,,,8821.72,6509.67,Logistics
2023-04-20 00:00:00,Operations,FRANCE,12974.6,11070.68,9226.7,6697.54,LOGISTICS
2023-04-20 00:00:00,HR,FRANCE,N/A,,12546.52,9935.33,Salary
2023-04-20 00:00:00,Marketing,Spain,19372.01,missing,9747.97,6882.16,Rent
2023-04-21 00:00:00,Sales,FRANCE,6331.32,,9722.35,5453.38,salary
01-13-2023,Operations,Spain,,missing,17069.3,6561.52,Materials
2023-04-21 00:00:00,HR,germany ,18108.64,,14740.83,8085.68,Utilities
2023-04-21 00:00:00,Marketing,germany ,12220.55,missing,10522.31,8483.66,LOGISTICS
2023-04-22 00:00:00,Sales,France,12961.7,,11801.38,5649.28,Materials
2023-04-22 00:00:00,Operations,France,N/A,missing,10183.14,7659.68,Rent
2023-04-22 00:00:00,HR,Netherlands,N/A,missing,8182.96,6193.1,salary
2023-04-22 00:00:00,Marketing,France,,missing,9125.29,7356.91,LOGISTICS
2023-04-23 00:00:00,Sales,Netherlands,N/A,missing,15791.51,7972.86,LOGISTICS
2023-04-23 00:00:00,Operations,Netherlands,N/A,missing,13040.91,7371.61,Salary
2023-04-23 00:00:00,hr,Germany,5830.81,,10776.42,8250.21,Utilities
2023-04-23 00:00:00,Marketing,France,5024.94,,11559.07,5934.71,Materials
2023-04-24 00:00:00,Sales,Germany,,,13786.5,5346.84,Rent
2023-04-24 00:00:00,Operations,Spain,N/A,missing,13368.29,4395.21,LOGISTICS
2023-04-24 00:00:00,HR,Netherlands,,missing,15520.73,9302.18,Utilities
2023-04-24 00:00:00,marketing,FRANCE,N/A,missing,13603.92,6808.48,Salary
2023-04-25 00:00:00,Sales,Germany,,7892.17,16358.53,9264.42,salary
2023-04-25 00:00:00,Operations,Spain,19042.42,10640.57,17265.08,9511.97,Utilities
2023-04-25 00:00:00,HR,Spain,N/A,missing,17038.94,5185.26,Salary
2023-04-25 00:00:00,Marketing,Germany,,missing,17865.97,6938.69,Salary
2023-04-26 00:00:00,Sales,Netherlands,N/A,,12209.5,7574.5,Logistics
2023-04-26 00:00:00,Operations,Spain,,9228.03,16323.09,7459.81,Utilities
2023-04-26 00:00:00,HR,France,16113.14,missing,17498.83,8153.58,Materials
2023-04-26 00:00:00,Marketing,Spain,N/A,2440.07,12544.18,9920.67,Utilities
2023-04-27 00:00:00,Sales,FRANCE,N/A,missing,11958.23,6306.04,Utilities
2023-04-27 00:00:00,Operations,Netherlands,,4696.2,17226.22,6408.85,salary
2023-04-27 00:00:00,HR,Netherlands,N/A,5513.45,14591.88,9338.13,Rent
2023-04-27 00:00:00,Marketing,Spain,N/A,missing,16978.6,8817.73,Rent
2023-04-28 00:00:00,Sales,Germany,N/A,,11309.12,7440.3,salary
2023-04-28 00:00:00,Operations,Netherlands,,11634.87,12409.36,8434.96,salary
2023-04-28 00:00:00,HR,France,N/A,4642.91,17784.82,7813.5,Materials
2023-04-28 00:00:00,Marketing,Spain,N/A,missing,13164.96,7030.86,Logistics
2023-04-29 00:00:00,Sales,FRANCE,8255.0,missing,15269.6,8226.16,Utilities
2023-04-29 00:00:00,Operations,FRANCE,,missing,13972.72,9823.86,Salary
2023-04-29 00:00:00,hr,France,7345.94,missing,15491.81,8686.98,salary
2023-04-29 00:00:00,Marketing,Netherlands,15702.2,missing,11604.39,9200.82,Utilities
2023-04-30 00:00:00,Sales,France,,missing,11180.83,4808.21,Utilities
2023-04-30 00:00:00,Operations,FRANCE,N/A,missing,8440.72,4627.11,Logistics
2023-04-30 00:00:00,HR,Spain,N/A,,9792.43,7027.28,LOGISTICS
2023-04-30 00:00:00,Marketing,Germany,6916.01,missing,12815.46,8298.11,LOGISTICS
2023-05-01 00:00:00,Sales,germany ,,missing,13569.52,9277.34,Rent
2023-05-01 00:00:00,Operations,germany ,N/A,missing,14154.6,7742.89,salary
2023-05-01 00:00:00,HR,FRANCE,9021.94,,8892.64,6348.93,Materials
2023-05-01 00:00:00,Marketing,germany ,,7602.92,10122.0,4500.6,Utilities
2023-05-02 00:00:00,Sales,Germany,,3465.21,16576.22,7487.54,Logistics
01-13-2023,Operations,Germany,,2274.98,9478.52,5112.42,Rent
2023-05-02 00:00:00,HR,germany ,N/A,,17031.83,5961.67,Salary
2023-05-02 00:00:00,Marketing,Germany,,8339.24,11590.36,4904.27,Logistics
2023-05-03 00:00:00,Sales,Netherlands,N/A,missing,16748.59,7773.57,Salary
2023-05-03 00:00:00,Operations,Netherlands,19443.47,7237.23,9248.71,5244.15,Utilities
2023-05-03 00:00:00,HR,Spain,,missing,11432.31,6403.13,LOGISTICS
2023-05-03 00:00:00,Marketing,Netherlands,10011.25,,12320.21,4320.54,Salary
2023-05-04 00:00:00,Sales,germany ,,,12298.28,6245.58,Logistics
2023-05-04 00:00:00,Operations,FRANCE,N/A,missing,15965.52,6379.81,Rent
2023-05-04 00:00:00,hr,FRANCE,8058.78,8529.34,14999.94,9850.93,Materials
2023-05-04 00:00:00,marketing,FRANCE,N/A,missing,17855.07,9443.01,Rent
2023-05-05 00:00:00,Sales,France,9643.28,,12300.48,8004.2,Logistics
2023-05-05 00:00:00,Operations,Netherlands,,,16902.28,4602.35,Logistics
2023-05-05 00:00:00,HR,France,,,12569.16,6535.17,Logistics
2023-05-05 00:00:00,Marketing,Spain,N/A,missing,13632.88,8701.79,Rent
2023-05-06 00:00:00,Sales,Netherlands,,5517.11,12707.0,8109.8,Logistics
2023-05-06 00:00:00,Operations,France,N/A,missing,12294.38,8008.08,salary
2023-05-06 00:00:00,HR,FRANCE,5583.44,2399.77,10920.85,5114.86,Rent
2023-05-06 00:00:00,Marketing,Netherlands,N/A,,15714.41,9523.06,Salary
2023-05-07 00:00:00,Sales,Netherlands,6187.96,missing,15187.7,8181.66,Rent
2023-05-07 00:00:00,Operations,France,N/A,,12667.61,5189.68,Rent
2023-05-07 00:00:00,HR,France,N/A,,14031.69,5183.42,Materials
2023-05-07 00:00:00,Marketing,Spain,,10986.48,8578.49,6499.71,Rent
2023-05-08 00:00:00,Sales,FRANCE,,missing,12578.55,8985.74,Rent
2023-05-08 00:00:00,Operations,FRANCE,13954.76,2961.58,12544.28,7157.8,Logistics
2023-05-08 00:00:00,HR,Germany,15047.22,,16883.85,5834.32,Utilities
2023-05-08 00:00:00,Marketing,Germany,,missing,12322.78,7622.24,Materials
2023-05-09 00:00:00,Sales,France,,,11918.65,9330.01,Utilities
2023-05-09 00:00:00,Operations,germany ,N/A,missing,17721.89,4013.64,Rent
2023-05-09 00:00:00,hr,Germany,15281.53,missing,9121.92,4546.69,salary
2023-05-09 00:00:00,Marketing,germany ,,3960.13,8807.85,6511.3,Rent
2023-05-10 00:00:00,sales,Germany,,,9094.4,6175.02,Utilities
2023-05-10 00:00:00,operations,FRANCE,N/A,3178.28,9696.54,4387.43,Utilities
2023-05-10 00:00:00,HR,Spain,16982.31,,14434.95,4722.79,salary
2023-05-10 00:00:00,Marketing,Netherlands,11770.35,4862.61,11486.55,9593.69,Materials
2023-05-11 00:00:00,Sales,FRANCE,N/A,5487.92,16586.39,7073.33,Materials
2023-05-11 00:00:00,Operations,FRANCE,,missing,17251.73,4531.49,Salary
2023-05-11 00:00:00,HR,France,N/A,,10617.7,6626.75,Salary
2023-05-11 00:00:00,Marketing,Germany,16146.64,,15993.06,7668.57,Rent
2023-05-12 00:00:00,Sales,germany ,,7706.27,16273.16,6790.4,Utilities
2023-05-12 00:00:00,Operations,FRANCE,14376.98,11394.99,17227.25,8341.0,Utilities
2023-05-12 00:00:00,HR,Spain,N/A,9797.75,15620.58,9250.55,Utilities
2023-05-12 00:00:00,marketing,France,N/A,2186.86,17395.44,5849.16,Salary
2023-05-13 00:00:00,Sales,germany ,,,17003.31,4682.65,Salary
2023-05-13 00:00:00,Operations,Germany,18458.78,,17463.9,4683.75,Salary
2023-05-13 00:00:00,HR,FRANCE,,missing,15416.06,7493.31,LOGISTICS
2023-05-13 00:00:00,Marketing,Germany,,6978.67,14412.6,9471.57,Materials
2023-05-14 00:00:00,Sales,Netherlands,11589.99,7433.48,16668.14,4063.1,Materials
2023-05-14 00:00:00,Operations,Spain,8476.28,,12095.8,7819.23,salary
2023-05-14 00:00:00,HR,germany ,5244.29,6880.93,12253.96,5796.54,Utilities
2023-05-14 00:00:00,Marketing,germany ,,missing,9373.53,4276.42,salary
2023-05-15 00:00:00,Sales,germany ,,missing,15964.61,7035.68,Rent
2023-05-15 00:00:00,Operations,France,N/A,missing,17369.84,8471.65,salary
2023-05-15 00:00:00,hr,germany ,15032.08,5260.12,11235.89,9546.74,LOGISTICS
2023-05-15 00:00:00,Marketing,Germany,,missing,17449.76,5757.64,salary
2023-05-16 00:00:00,Sales,FRANCE,N/A,11901.44,14236.45,5929.31,Utilities
2023-05-16 00:00:00,Operations,germany ,19529.53,,10019.06,5264.67,Utilities
01-13-2023,HR,Netherlands,18189.1,,13381.76,5462.48,Salary
2023-05-16 00:00:00,Marketing,Germany,N/A,8556.33,13099.51,5663.35,salary
2023-05-17 00:00:00,Sales,Netherlands,,6957.21,9421.9,4356.3,Rent
2023-05-17 00:00:00,Operations,Netherlands,,2978.27,9782.73,4769.45,Rent
2023-05-17 00:00:00,HR,Netherlands,,,15117.72,7434.02,Salary
2023-05-17 00:00:00,Marketing,germany ,8362.51,missing,15181.27,7267.26,salary
2023-05-18 00:00:00,Sales,FRANCE,N/A,6869.36,15297.93,9000.16,Utilities
2023-05-18 00:00:00,Operations,France,,missing,12421.59,8221.19,salary
2023-05-18 00:00:00,hr,germany ,12924.52,6646.41,9732.03,8870.35,Logistics
01-13-2023,Marketing,Germany,,6242.46,12710.32,5580.03,Materials
2023-05-19 00:00:00,Sales,Spain,13006.56,,15647.26,4639.56,Materials
2023-05-19 00:00:00,Operations,France,N/A,10759.81,10776.35,9494.69,Logistics
2023-05-19 00:00:00,HR,Germany,N/A,missing,15632.89,4988.85,salary
2023-05-19 00:00:00,Marketing,Germany,9646.93,,10554.51,9101.08,salary
2023-05-20 00:00:00,Sales,Netherlands,19485.93,,16414.63,6055.42,LOGISTICS
2023-05-20 00:00:00,Operations,Spain,N/A,4936.33,16207.68,4991.89,Salary
2023-05-20 00:00:00,HR,Netherlands,N/A,,14253.2,6242.32,LOGISTICS
2023-05-20 00:00:00,Marketing,germany ,6066.7,,16154.58,5212.47,Salary
2023-05-21 00:00:00,Sales,Germany,N/A,,9422.54,7767.51,Rent
01-13-2023,Operations,Spain,N/A,,8417.3,5543.49,Logistics
2023-05-21 00:00:00,HR,Spain,14023.79,,8128.26,7043.8,salary
2023-05-21 00:00:00,Marketing,Germany,,,12489.71,9443.78,LOGISTICS
2023-05-22 00:00:00,Sales,France,10528.29,missing,8473.17,4827.27,Logistics
2023-05-22 00:00:00,Operations,germany ,7598.7,,16564.91,5883.29,Logistics
2023-05-22 00:00:00,HR,FRANCE,N/A,6960.77,14268.83,9358.47,Salary
2023-05-22 00:00:00,Marketing,FRANCE,N/A,2612.63,14310.43,7023.0,Rent
2023-05-23 00:00:00,Sales,FRANCE,,,14294.41,7771.52,Logistics
2023-05-23 00:00:00,Operations,germany ,N/A,11980.27,15830.49,4310.06,Salary
2023-05-23 00:00:00,HR,FRANCE,,missing,13590.95,5636.26,Logistics
01-13-2023,Marketing,France,13256.44,,9236.32,6531.3,Salary
2023-05-24 00:00:00,Sales,germany ,,,16355.02,8016.83,Logistics
2023-05-24 00:00:00,Operations,France,,,16100.1,8958.27,Materials
2023-05-24 00:00:00,HR,Netherlands,N/A,missing,13933.23,6349.44,Rent
2023-05-24 00:00:00,Marketing,germany ,,,8085.67,6314.85,Rent
2023-05-25 00:00:00,Sales,Spain,10206.82,2587.43,16757.09,9208.73,Logistics
2023-05-25 00:00:00,Operations,Netherlands,12350.4,,8001.65,9133.89,Logistics
2023-05-25 00:00:00,HR,France,N/A,,9628.13,5197.45,Logistics
2023-05-25 00:00:00,Marketing,France,16901.63,missing,12639.76,8220.45,Materials
2023-05-26 00:00:00,Sales,France,19404.8,2368.1,16731.22,7245.31,Salary
2023-05-26 00:00:00,Operations,Spain,N/A,5595.13,11911.23,7801.41,Rent
2023-05-26 00:00:00,HR,germany ,11393.52,5163.04,17273.42,4716.31,LOGISTICS
2023-05-26 00:00:00,Marketing,Germany,N/A,5296.86,10806.34,8287.87,Rent
2023-05-27 00:00:00,Sales,Netherlands,12685.58,,12265.75,4223.48,salary
2023-05-27 00:00:00,Operations,Germany,N/A,6846.29,8175.49,9403.92,Salary
2023-05-27 00:00:00,HR,FRANCE,17192.88,5914.52,9926.98,6570.03,Logistics
2023-05-27 00:00:00,Marketing,France,,,9997.91,5174.23,Materials
2023-05-28 00:00:00,Sales,Germany,15273.95,,10973.36,6093.59,Materials
2023-05-28 00:00:00,Operations,Germany,N/A,,16780.74,9675.5,Utilities
2023-05-28 00:00:00,HR,FRANCE,,missing,8880.73,8681.54,salary
2023-05-28 00:00:00,Marketing,FRANCE,19826.3,,8988.42,7133.08,Logistics
2023-05-29 00:00:00,Sales,Spain,N/A,6839.24,14840.81,6627.37,Logistics
2023-05-29 00:00:00,Operations,Netherlands,10995.6,9853.28,10781.65,4093.22,Rent
2023-05-29 00:00:00,HR,Netherlands,N/A,2595.21,17561.8,5940.26,Utilities
2023-05-29 00:00:00,Marketing,Germany,,missing,15461.24,5934.01,salary
2023-05-30 00:00:00,Sales,Germany,7362.25,3454.16,8065.2,8899.1,Utilities
2023-05-30 00:00:00,Operations,Netherlands,,missing,11592.47,4743.77,Materials
2023-05-30 00:00:00,HR,Germany,8855.63,missing,11030.7,9735.93,Salary
2023-05-30 00:00:00,Marketing,Germany,6917.89,9983.68,8814.16,6727.16,Logistics
2023-05-31 00:00:00,Sales,France,,6553.47,10443.05,4487.79,salary
2023-05-31 00:00:00,Operations,germany ,18260.46,missing,8315.56,9400.56,Salary
2023-05-31 00:00:00,HR,germany ,,missing,13564.68,6090.48,salary
2023-05-31 00:00:00,Marketing,Netherlands,,6129.97,17619.56,4745.02,salary
2023-06-01 00:00:00,Sales,Germany,11941.49,9415.62,13906.67,4018.93,Materials
2023-06-01 00:00:00,Operations,Spain,,6305.24,13688.68,6754.83,Salary
2023-06-01 00:00:00,HR,Spain,12255.47,,8893.36,8936.86,Utilities
2023-06-01 00:00:00,Marketing,FRANCE,7836.47,9081.34,12927.18,8642.04,Logistics
2023-06-02 00:00:00,Sales,Netherlands,,,13642.18,9741.76,Salary
2023-06-02 00:00:00,Operations,France,13780.1,missing,15345.34,8179.16,Utilities
2023-06-02 00:00:00,HR,Netherlands,13473.04,missing,15092.97,8865.6,LOGISTICS
2023-06-02 00:00:00,Marketing,Netherlands,,missing,10908.62,7395.41,Materials
2023-06-03 00:00:00,Sales,FRANCE,16828.04,,10011.48,6195.5,salary
2023-06-03 00:00:00,Operations,germany ,,10035.67,8713.19,4465.66,salary
2023-06-03 00:00:00,HR,Netherlands,5736.16,7510.74,16952.35,5365.87,Salary
2023-06-03 00:00:00,Marketing,Germany,,missing,12465.84,5709.81,Materials
2023-06-04 00:00:00,Sales,France,N/A,,17541.48,7716.65,Materials
2023-06-04 00:00:00,Operations,Spain,10727.86,,10336.71,4629.93,Rent
2023-06-04 00:00:00,HR,Germany,N/A,,13100.25,6194.8,Utilities
2023-06-04 00:00:00,Marketing,Spain,N/A,missing,12850.1,4690.09,salary
2023-06-05 00:00:00,Sales,germany ,,missing,16962.46,9090.08,Utilities
2023-06-05 00:00:00,Operations,germany ,N/A,,13567.51,4514.39,Logistics
2023-06-05 00:00:00,HR,Spain,,missing,17005.91,5956.37,Materials
2023-06-05 00:00:00,Marketing,Spain,15463.36,missing,8859.52,4283.7,Utilities
2023-06-06 00:00:00,Sales,germany ,N/A,,12061.47,4007.0,Logistics
2023-06-06 00:00:00,Operations,Germany,7754.57,,17510.24,9155.73,Salary
2023-06-06 00:00:00,HR,germany ,N/A,9566.97,12746.42,5079.01,Utilities
2023-06-06 00:00:00,Marketing,FRANCE,12927.89,,10787.45,4766.14,Salary
2023-06-07 00:00:00,Sales,Netherlands,,10899.71,8194.06,9489.52,Materials
2023-06-07 00:00:00,Operations,germany ,14322.3,missing,8762.06,9719.43,salary
2023-06-07 00:00:00,HR,germany ,N/A,missing,17788.35,4679.95,salary
2023-06-07 00:00:00,Marketing,germany ,,,11987.65,7399.6,LOGISTICS
2023-06-08 00:00:00,Sales,Spain,N/A,,15686.79,8107.19,Salary
2023-06-08 00:00:00,Operations,germany ,,,16890.91,4963.32,Rent
2023-06-08 00:00:00,HR,Spain,14740.17,3393.86,15241.0,9465.86,Materials
2023-06-08 00:00:00,Marketing,France,N/A,,17677.51,8764.84,Rent
2023-06-09 00:00:00,Sales,Spain,14429.52,missing,14021.02,4993.18,Rent
2023-06-09 00:00:00,Operations,FRANCE,,missing,13206.7,7086.91,LOGISTICS
01-13-2023,HR,Spain,19659.55,,13573.8,8744.92,Utilities
2023-06-09 00:00:00,Marketing,France,N/A,7634.18,11504.05,4816.73,Salary
2023-06-10 00:00:00,Sales,FRANCE,,,9675.32,8754.01,Materials
2023-06-10 00:00:00,Operations,Spain,,4871.06,16995.32,5107.17,LOGISTICS
2023-06-10 00:00:00,HR,germany ,,6564.0,9060.95,8494.72,Utilities
2023-06-10 00:00:00,Marketing,Spain,18608.82,,8680.56,4453.22,Materials
2023-06-11 00:00:00,Sales,Netherlands,N/A,8680.97,8282.01,8366.51,Rent
2023-06-11 00:00:00,Operations,FRANCE,8166.51,11457.82,12351.67,9243.89,salary
2023-06-11 00:00:00,HR,germany ,N/A,9225.28,16191.51,8571.16,salary
2023-06-11 00:00:00,Marketing,FRANCE,,missing,17910.95,9597.1,salary
2023-06-12 00:00:00,Sales,France,,,15483.44,5004.78,Rent
2023-06-12 00:00:00,Operations,germany ,,missing,13279.2,4860.41,Utilities
2023-06-12 00:00:00,HR,France,N/A,missing,10113.89,9415.36,Salary
2023-06-12 00:00:00,Marketing,germany ,,8320.7,17929.28,7971.47,Materials
2023-06-13 00:00:00,Sales,FRANCE,,3981.65,9466.08,6095.2,Utilities
2023-06-13 00:00:00,Operations,FRANCE,,,10343.51,5412.38,Utilities
2023-06-13 00:00:00,HR,Spain,14631.29,11582.25,15468.81,4444.43,Materials
2023-06-13 00:00:00,Marketing,germany ,N/A,7964.68,9031.53,8108.74,Salary
2023-06-14 00:00:00,Sales,germany ,18753.55,,17749.4,6224.77,Utilities
2023-06-14 00:00:00,Operations,France,,missing,12345.04,8072.19,Salary
2023-06-14 00:00:00,HR,FRANCE,,,16141.9,5577.02,Materials
2023-06-14 00:00:00,Marketing,Spain,,missing,11911.93,9103.91,LOGISTICS
2023-06-15 00:00:00,sales,germany ,N/A,missing,8283.88,8690.42,Materials
01-13-2023,Operations,FRANCE,N/A,4862.06,10062.7,8187.34,Salary
2023-06-15 00:00:00,HR,Spain,N/A,3922.45,15827.61,7908.24,Utilities
2023-06-15 00:00:00,Marketing,France,,,17811.33,9589.85,Utilities
2023-06-16 00:00:00,Sales,Germany,18734.03,missing,8629.42,8241.29,salary
2023-06-16 00:00:00,Operations,Spain,,10183.24,17258.63,6397.64,Logistics
2023-06-16 00:00:00,HR,Spain,12105.81,,14742.09,6201.0,salary
2023-06-16 00:00:00,Marketing,Germany,,9817.68,16303.25,4273.86,LOGISTICS
2023-06-17 00:00:00,Sales,Netherlands,12306.83,missing,16018.12,9935.76,salary
2023-06-17 00:00:00,Operations,Spain,7791.18,missing,14453.39,4803.81,Logistics
2023-06-17 00:00:00,HR,France,N/A,missing,9085.69,4888.24,salary
2023-06-17 00:00:00,Marketing,germany ,N/A,missing,9308.03,4149.55,Utilities
2023-06-18 00:00:00,Sales,Netherlands,N/A,missing,14900.59,4595.52,Rent
2023-06-18 00:00:00,Operations,France,,,16258.5,6440.22,Materials
2023-06-18 00:00:00,HR,France,18828.55,9009.3,16639.27,7032.59,Rent
2023-06-18 00:00:00,Marketing,France,,missing,8056.3,7565.1,Utilities
2023-06-19 00:00:00,Sales,Germany,,,8176.0,5961.72,Salary
2023-06-19 00:00:00,Operations,France,,missing,10595.05,8532.91,Logistics
2023-06-19 00:00:00,HR,Germany,N/A,10772.68,8190.75,8857.26,salary
2023-06-19 00:00:00,Marketing,Germany,5255.86,10131.95,13013.27,6838.15,salary
2023-06-20 00:00:00,Sales,Germany,,missing,15437.27,6375.38,Materials
2023-06-20 00:00:00,Operations,France,17598.43,missing,15771.49,9780.18,Salary
2023-06-20 00:00:00,HR,Netherlands,,missing,13010.11,5605.59,Logistics
2023-06-20 00:00:00,Marketing,Netherlands,,missing,12662.12,5462.58,Materials
2023-06-21 00:00:00,Sales,Germany,N/A,missing,15562.89,5520.53,Materials
2023-06-21 00:00:00,Operations,Germany,,,12722.81,4530.16,salary
2023-06-21 00:00:00,HR,germany ,8706.11,,15689.66,7814.05,Salary
2023-06-21 00:00:00,Marketing,Spain,N/A,10285.12,8645.24,7933.64,Utilities
2023-06-22 00:00:00,Sales,Spain,N/A,missing,9220.2,7671.78,salary
2023-06-22 00:00:00,Operations,France,N/A,,9373.68,4574.18,Salary
2023-06-22 00:00:00,HR,Germany,N/A,9963.82,17830.97,6711.51,salary
2023-06-22 00:00:00,Marketing,germany ,N/A,missing,13654.11,7885.4,salary
2023-06-23 00:00:00,Sales,germany ,13996.89,,14558.07,4508.55,Logistics
2023-06-23 00:00:00,Operations,Netherlands,7418.83,8318.32,10795.69,4578.5,Materials
2023-06-23 00:00:00,HR,Spain,,,11601.93,5527.99,Salary
2023-06-23 00:00:00,Marketing,germany ,,,16345.47,4549.13,Logistics
2023-06-24 00:00:00,Sales,germany ,14489.06,,10222.34,8753.12,Salary
2023-06-24 00:00:00,Operations,Spain,12997.95,,10612.24,5658.42,LOGISTICS
2023-06-24 00:00:00,HR,Germany,,missing,8583.45,4910.98,Logistics
2023-06-24 00:00:00,Marketing,Germany,N/A,missing,9681.27,5155.12,LOGISTICS
2023-06-25 00:00:00,Sales,Germany,18392.34,,16248.09,4152.59,Materials
2023-06-25 00:00:00,Operations,Germany,N/A,5214.12,10805.19,8915.18,salary
2023-06-25 00:00:00,HR,Netherlands,19360.98,missing,8949.92,7617.33,Rent
2023-06-25 00:00:00,Marketing,France,,,12041.18,6823.93,Materials
2023-06-26 00:00:00,Sales,germany ,,9985.52,10999.13,5822.32,Logistics
2023-06-26 00:00:00,Operations,Spain,N/A,missing,17273.56,7158.41,Salary
2023-06-26 00:00:00,HR,germany ,N/A,,13710.77,4510.05,Utilities
2023-06-26 00:00:00,Marketing,Germany,N/A,3629.67,14272.64,7381.54,Materials
2023-06-27 00:00:00,Sales,germany ,,,16458.58,7278.88,Salary
2023-06-27 00:00:00,Operations,Netherlands,19478.49,,12870.51,7053.71,Materials
2023-06-27 00:00:00,HR,Germany,N/A,,8564.09,9414.01,Utilities
2023-06-27 00:00:00,Marketing,germany ,,missing,9068.49,4206.68,Materials
2023-06-28 00:00:00,Sales,Netherlands,N/A,missing,15826.73,9940.16,LOGISTICS
2023-06-28 00:00:00,Operations,FRANCE,11551.17,,16434.88,7580.94,Materials
2023-06-28 00:00:00,HR,Spain,N/A,2131.97,11667.88,7846.39,Salary
2023-06-28 00:00:00,Marketing,germany ,,,13529.14,4318.84,LOGISTICS
2023-06-29 00:00:00,Sales,Germany,18950.59,7068.17,13991.13,5894.24,Salary
2023-06-29 00:00:00,Operations,Netherlands,10522.73,,13430.73,5590.18,Logistics
2023-06-29 00:00:00,HR,Netherlands,,10272.76,10772.04,6115.14,Rent
2023-06-29 00:00:00,Marketing,France,N/A,9736.79,15113.23,6482.98,Utilities
